fiscal_year,year,month,month_numeric,nach_products,subproducts_name,presentation_volume_nos,presentation_value_rs,returns_volume_nos,returns_value_rs,successful_transactions_volume_nos,successful_transactions_value_rs,released_on,updated_on,data_source,data_url
2020-21,2020,April,4,"NACH Debit - 306 format
(Account based)","Recurring payments (EMI, Insurance premium etc)",66706364,558047189451.31,25341803,204536058446.57,41364561,353511131004.74,2020-05-01,2026-03-01,National Payments Corporation of India (NPCI),https://www.npci.org.in/product/nach/product-statistics
2020-21,2020,April,4,Total Debit,Total Debit,66706364,558047189451.31,25341803,204536058446.57,41364561,353511131004.74,2020-05-01,2026-03-01,National Payments Corporation of India (NPCI),https://www.npci.org.in/product/nach/product-statistics
2020-21,2020,April,4,Total volume April 2020,Total volume April 2020,563680856,1648903869848.87,33149743,213399566691.09,530531113,1435504303157.78,2020-05-01,2026-03-01,National Payments Corporation of India (NPCI),https://www.npci.org.in/product/nach/product-statistics
2021-22,2021,April,4,"NACH Debit - 306 format
(Account based)","Recurring payments (EMI, Insurance premium etc)",85404619,787755109230.21,29080292,220485741801.98,56324327,567269367428.23,2021-05-01,2026-03-01,National Payments Corporation of India (NPCI),https://www.npci.org.in/product/nach/product-statistics
2021-22,2021,April,4,Total Debit,Total Debit,85404619,787755109230.21,29080292,220485741801.98,56324327,567269367428.23,2021-05-01,2026-03-01,National Payments Corporation of India (NPCI),https://www.npci.org.in/product/nach/product-statistics
2021-22,2021,April,4,Total volume April 2021,Total volume April 2021,285618604,1856950354493.9,31960444,231062105701.98,253658160,1625888248791.92,2021-05-01,2026-03-01,National Payments Corporation of India (NPCI),https://www.npci.org.in/product/nach/product-statistics
2022-23,2022,April,4,"NACH Debit - 306 format
(Account based)","Recurring payments (EMI, Insurance premium etc)",99674604,929021159645.6,29782381,209045346265.85,69892223,719975813379.75,2022-05-01,2026-03-01,National Payments Corporation of India (NPCI),https://www.npci.org.in/product/nach/product-statistics
2022-23,2022,April,4,Total Debit,Total Debit,99674604,929021159645.6,29782381,209045346265.85,69892223,719975813379.75,2022-05-01,2026-03-01,National Payments Corporation of India (NPCI),https://www.npci.org.in/product/nach/product-statistics
2022-23,2022,April,4,Total volume April 2022,Total volume April 2022,344605307,2154731562848.37,33125886,221593339966.16,311479421,1933138222882.21,2022-05-01,2026-03-01,National Payments Corporation of India (NPCI),https://www.npci.org.in/product/nach/product-statistics
2023-24,2023,April,4,"NACH Debit - 306 format
(Account based)","Recurring payments (EMI, Insurance premium etc)",124293454,1193375918076.4,36461621,262951046035.42,87831833,930424872040.99,2023-05-01,2026-03-01,National Payments Corporation of India (NPCI),https://www.npci.org.in/product/nach/product-statistics
2023-24,2023,April,4,Total Debit,Total Debit,124293454,1193375918076.4,36461621,262951046035.42,87831833,930424872040.99,2023-05-01,2026-03-01,National Payments Corporation of India (NPCI),https://www.npci.org.in/product/nach/product-statistics
2023-24,2023,April,4,Total volume April 2023,Total volume April 2023,331911489,2561605623651.53,38033924,269724132370.43,293877565,2291881491281.1,2023-05-01,2026-03-01,National Payments Corporation of India (NPCI),https://www.npci.org.in/product/nach/product-statistics
2024-25,2024,April,4,"NACH Debit - 306 format
(Account based)","Recurring payments (EMI, Insurance premium etc)",149437836,1582234016509.66,39713749,315559437319.93,109724087,1266674579189.71,2024-05-01,2026-03-01,National Payments Corporation of India (NPCI),https://www.npci.org.in/product/nach/product-statistics
2024-25,2024,April,4,Total Debit,Total Debit,149437836,1582234016509.66,39713749,315559437319.93,109724087,1266674579189.71,2024-05-01,2026-03-01,National Payments Corporation of India (NPCI),https://www.npci.org.in/product/nach/product-statistics
2024-25,2024,April,4,Total volume April 2024,Total volume April 2024,499375808,3169005977430.81,41080104,323181568236.24,458295704,2845824409194.55,2024-05-01,2026-03-01,National Payments Corporation of India (NPCI),https://www.npci.org.in/product/nach/product-statistics
2025-26,2025,April,4,"NACH Debit - 306 format 
(Account based)","Recurring payments (EMI, Insurance premium etc)",170927929,1977799782192.58,41794541,382113791269.09,129133388,1595685990923.56,2025-05-01,2026-03-01,National Payments Corporation of India (NPCI),https://www.npci.org.in/product/nach/product-statistics
2025-26,2025,April,4,Total Debit,Total Debit,170927929,1977799782192.58,41794541,382113791269.09,129133388,1595685990923.56,2025-05-01,2026-03-01,National Payments Corporation of India (NPCI),https://www.npci.org.in/product/nach/product-statistics
2025-26,2025,April,4,Total volume Apr 2025,Total volume Apr 2025,552063549,4100287510347.79,45129582,393424738299.07,506933967,3706862772048.79,2025-05-01,2026-03-01,National Payments Corporation of India (NPCI),https://www.npci.org.in/product/nach/product-statistics
2020-21,2020,August,8,"NACH Debit - 306 format
(Account based)","Recurring payments (EMI, Insurance premium etc)",79181404,668301769914.42,31916918,215037694015.02,47264486,453264075899.4,2020-09-01,2026-03-01,National Payments Corporation of India (NPCI),https://www.npci.org.in/product/nach/product-statistics
2020-21,2020,August,8,Total Debit,Total Debit,79181404,668301769914.42,31916918,215037694015.02,47264486,453264075899.4,2020-09-01,2026-03-01,National Payments Corporation of India (NPCI),https://www.npci.org.in/product/nach/product-statistics
2020-21,2020,August,8,Total volume August 2020,Total volume August 2020,376348500,1596662694346.46,35517750,224293794985.65,340830750,1372368899360.81,2020-09-01,2026-03-01,National Payments Corporation of India (NPCI),https://www.npci.org.in/product/nach/product-statistics
2021-22,2021,August,8,"NACH Debit - 306 format
(Account based)","Recurring payments (EMI, Insurance premium etc)",87685671,2646003865011.23,28925192,670580297186.78,58760479,1975423567824.5,2021-09-01,2026-03-01,National Payments Corporation of India (NPCI),https://www.npci.org.in/product/nach/product-statistics
2021-22,2021,August,8,Total Debit,Total Debit,87685671,2646003865011.23,28925192,670580297186.78,58760479,1975423567824.5,2021-09-01,2026-03-01,National Payments Corporation of India (NPCI),https://www.npci.org.in/product/nach/product-statistics
2021-22,2021,August,8,Total volume August 2021,Total volume August 2021,367532489,6403110571814.42,30719440,707829856450.23,336813049,5695280715364.24,2021-09-01,2026-03-01,National Payments Corporation of India (NPCI),https://www.npci.org.in/product/nach/product-statistics
2022-23,2022,August,8,"NACH Debit - 306 format
(Account based)","Recurring payments (EMI, Insurance premium etc)",109737007,1020996580721.48,32355959,222037929253.72,77381048,798958651467.77,2022-09-01,2026-03-01,National Payments Corporation of India (NPCI),https://www.npci.org.in/product/nach/product-statistics
2022-23,2022,August,8,Total Debit,Total Debit,109737007,1020996580721.48,32355959,222037929253.72,77381048,798958651467.77,2022-09-01,2026-03-01,National Payments Corporation of India (NPCI),https://www.npci.org.in/product/nach/product-statistics
2022-23,2022,August,8,Total volume August 2022,Total volume August 2022,419986703,2402439975200.18,35183364,230550796973.29,384803339,2171889178226.9,2022-09-01,2026-03-01,National Payments Corporation of India (NPCI),https://www.npci.org.in/product/nach/product-statistics
2023-24,2023,August,8,"NACH Debit - 306 format
(Account based)","Recurring payments (EMI, Insurance premium etc)",137417403,1345429910140.61,40552433,279846038526.68,96864970,1065583871613.92,2023-09-01,2026-03-01,National Payments Corporation of India (NPCI),https://www.npci.org.in/product/nach/product-statistics
2023-24,2023,August,8,Total Debit,Total Debit,137417403,1345429910140.61,40552433,279846038526.68,96864970,1065583871613.92,2023-09-01,2026-03-01,National Payments Corporation of India (NPCI),https://www.npci.org.in/product/nach/product-statistics
2023-24,2023,August,8,Total volume August 2023,Total volume August 2023,479357566,2832849605285.53,42264469,286382935301.68,437093097,2546466669983.84,2023-09-01,2026-03-01,National Payments Corporation of India (NPCI),https://www.npci.org.in/product/nach/product-statistics
2024-25,2024,August,8,"NACH Debit - 306 format
(Account based)","Recurring payments (EMI, Insurance premium etc)",162109567,1763863614574.12,42287251,344660204699.57,119822316,1419203409874.52,2024-09-01,2026-03-01,National Payments Corporation of India (NPCI),https://www.npci.org.in/product/nach/product-statistics
2024-25,2024,August,8,Total Debit,Total Debit,162109567,1763863614574.12,42287251,344660204699.57,119822316,1419203409874.52,2024-09-01,2026-03-01,National Payments Corporation of India (NPCI),https://www.npci.org.in/product/nach/product-statistics
2024-25,2024,August,8,Total volume Aug 2024,Total volume Aug 2024,593920065,3558652225755.48,45258330,351561901986.69,548661735,3207090323768.75,2024-09-01,2026-03-01,National Payments Corporation of India (NPCI),https://www.npci.org.in/product/nach/product-statistics
2025-26,2025,August,8,"NACH Debit - 306 format 
(Account based)","Recurring payments (EMI, Insurance premium etc)",176413713,2140314119338.66,43297600,412986246878.29,133116113,1727327872460.44,2025-09-01,2026-03-01,National Payments Corporation of India (NPCI),https://www.npci.org.in/product/nach/product-statistics
2025-26,2025,August,8,Total Debit,Total Debit,176413713,2140314119338.66,43297600,412986246878.29,133116113,1727327872460.44,2025-09-01,2026-03-01,National Payments Corporation of India (NPCI),https://www.npci.org.in/product/nach/product-statistics
2025-26,2025,August,8,Total volume Aug 2025,Total volume Aug 2025,743567547,4480369096538.47,44958292,419860661114.46,698609255,4060508435424.08,2025-09-01,2026-03-01,National Payments Corporation of India (NPCI),https://www.npci.org.in/product/nach/product-statistics
2020-21,2020,December,12,"NACH Debit - 306 format
(Account based)","Recurring payments (EMI, Insurance premium etc)",84043076,815760734330,32015786,238090946840,52027290,577669787490,2021-01-01,2026-03-01,National Payments Corporation of India (NPCI),https://www.npci.org.in/product/nach/product-statistics
2020-21,2020,December,12,Total Debit,Total Debit,84043076,815760734330.33,32015786,238090946840.23,52027290,577669787490.1,2021-01-01,2026-03-01,National Payments Corporation of India (NPCI),https://www.npci.org.in/product/nach/product-statistics
2020-21,2020,December,12,Total volume December 2020,Total volume December 2020,360052846,2080648819238.51,34785545,260566220504.85,325267301,1820082598733.66,2021-01-01,2026-03-01,National Payments Corporation of India (NPCI),https://www.npci.org.in/product/nach/product-statistics
2021-22,2021,December,12,"NACH Debit - 306 format
(Account based)","Recurring payments (EMI, Insurance premium etc)",93792629,904256639432.02,28107994,220785419309.7,65684635,683471220122.32,2022-01-01,2026-03-01,National Payments Corporation of India (NPCI),https://www.npci.org.in/product/nach/product-statistics
2021-22,2021,December,12,Total Debit,Total Debit,93792629,904256639432.02,28107994,220785419309.7,65684635,683471220122.32,2022-01-01,2026-03-01,National Payments Corporation of India (NPCI),https://www.npci.org.in/product/nach/product-statistics
2021-22,2021,December,12,Total volume December 2021,Total volume December 2021,350387373,2185479742284.77,30297576,260382178604.82,320089797,1925097563679.95,2022-01-01,2026-03-01,National Payments Corporation of India (NPCI),https://www.npci.org.in/product/nach/product-statistics
2022-23,2022,December,12,"NACH Debit - 306 format
(Account based)","Recurring payments (EMI, Insurance premium etc)",119858882,1157371476401.32,35187776,254620040013.19,84671106,902751436388.13,2023-01-01,2026-03-01,National Payments Corporation of India (NPCI),https://www.npci.org.in/product/nach/product-statistics
2022-23,2022,December,12,Total Debit,Total Debit,119858882,1157371476401.32,35187776,254620040013.19,84671106,902751436388.13,2023-01-01,2026-03-01,National Payments Corporation of India (NPCI),https://www.npci.org.in/product/nach/product-statistics
2022-23,2022,December,12,Total volume Dec 2022,Total volume Dec 2022,387210656,2938426475734.01,37268540,305032544393.87,349942116,2633393931340.14,2023-01-01,2026-03-01,National Payments Corporation of India (NPCI),https://www.npci.org.in/product/nach/product-statistics
2023-24,2023,December,12,"NACH Debit - 306 format
(Account based)","Recurring payments (EMI, Insurance premium etc)",140346262,1519905608437.1,36810997,321543337169.97,103535265,1198362271267.12,2024-01-01,2026-03-01,National Payments Corporation of India (NPCI),https://www.npci.org.in/product/nach/product-statistics
2023-24,2023,December,12,Total Debit,Total Debit,140346262,1519905608437.1,36810997,321543337169.97,103535265,1198362271267.12,2024-01-01,2026-03-01,National Payments Corporation of India (NPCI),https://www.npci.org.in/product/nach/product-statistics
2023-24,2023,December,12,Total volume November 2023,Total volume November 2023,429494036,3072479893643.69,38466962,351552137592.89,391027074,2720927756050.79,2024-01-01,2026-03-01,National Payments Corporation of India (NPCI),https://www.npci.org.in/product/nach/product-statistics
2024-25,2024,December,12,"NACH Debit - 306 format 
(Account based)","Recurring payments (EMI, Insurance premium etc)",173832826,1975489958001.47,42906300,394656850766.41,130926526,1580833107235.09,2025-01-01,2026-03-01,National Payments Corporation of India (NPCI),https://www.npci.org.in/product/nach/product-statistics
2024-25,2024,December,12,Total Debit,Total Debit,173832826,1975489958001.47,42906300,394656850766.41,130926526,1580833107235.09,2025-01-01,2026-03-01,National Payments Corporation of India (NPCI),https://www.npci.org.in/product/nach/product-statistics
2024-25,2024,December,12,Total volume Dec 2025,Total volume Dec 2025,550568106,3919491343351.94,45367998,429478992298.52,505200108,3490012351053.45,2025-01-01,2026-03-01,National Payments Corporation of India (NPCI),https://www.npci.org.in/product/nach/product-statistics
2025-26,2025,December,12,"NACH Debit - 306 format 
(Account based)","Recurring payments (EMI, Insurance premium etc)",185815145,2418781792428.4,45733079,457603935749.53,140082066,1961177856678.96,2026-01-01,2026-03-01,National Payments Corporation of India (NPCI),https://www.npci.org.in/product/nach/product-statistics
2025-26,2025,December,12,Total Debit,Total Debit,185815145,2418781792428.4,45733079,457603935749.53,140082066,1961177856678.96,2026-01-01,2026-03-01,National Payments Corporation of India (NPCI),https://www.npci.org.in/product/nach/product-statistics
2025-26,2025,December,12,Total volume Dec 2025,Total volume Dec 2025,545663141,4919027081722.26,47477738,476791855824.76,498185403,4442235225897.59,2026-01-01,2026-03-01,National Payments Corporation of India (NPCI),https://www.npci.org.in/product/nach/product-statistics
2020-21,2021,February,2,"NACH Debit - 306 format
(Account based)","Recurring payments (EMI, Insurance premium etc)",78142869,761989132283.77,28713536,212110696793.33,49429333,549878435490.44,2021-03-01,2026-03-01,National Payments Corporation of India (NPCI),https://www.npci.org.in/product/nach/product-statistics
2020-21,2021,February,2,Total Debit,Total Debit,78142869,761989132283.77,28713536,212110696793.33,49429333,549878435490.44,2021-03-01,2026-03-01,National Payments Corporation of India (NPCI),https://www.npci.org.in/product/nach/product-statistics
2020-21,2021,February,2,Total volume February 2021,Total volume February 2021,244786049,1605584432558.37,31948045,222930301509.69,212838004,1382654131048.68,2021-03-01,2026-03-01,National Payments Corporation of India (NPCI),https://www.npci.org.in/product/nach/product-statistics
2021-22,2022,February,2,"NACH Debit - 306 format
(Account based)","Recurring payments (EMI, Insurance premium etc)",94817312,900560272129.68,27693878,202135981341.44,67123434,698424290788.24,2022-03-01,2026-03-01,National Payments Corporation of India (NPCI),https://www.npci.org.in/product/nach/product-statistics
2021-22,2022,February,2,Total Debit,Total Debit,94817312,900560272129.68,27693878,202135981341.44,67123434,698424290788.24,2022-03-01,2026-03-01,National Payments Corporation of India (NPCI),https://www.npci.org.in/product/nach/product-statistics
2021-22,2022,February,2,Total volume Feb 2022,Total volume Feb 2022,313637263,2082063252208.78,29249832,212785506620.63,284387431,1869277745588.15,2022-03-01,2026-03-01,National Payments Corporation of India (NPCI),https://www.npci.org.in/product/nach/product-statistics
2022-23,2023,February,2,"NACH Debit - 306 format
(Account based)","Recurring payments (EMI, Insurance premium etc)",120913295,1145872749943.23,34230425,245814589511.89,86682870,900058160431.34,2023-03-01,2026-03-01,National Payments Corporation of India (NPCI),https://www.npci.org.in/product/nach/product-statistics
2022-23,2023,February,2,Total Debit,Total Debit,120913295,1145872749943.23,34230425,245814589511.89,86682870,900058160431.34,2023-03-01,2026-03-01,National Payments Corporation of India (NPCI),https://www.npci.org.in/product/nach/product-statistics
2022-23,2023,February,2,Total volume Feb 2023,Total volume Feb 2023,524659788,2815603086906.09,37028952,261855512559.57,487630836,2553747574346.53,2023-03-01,2026-03-01,National Payments Corporation of India (NPCI),https://www.npci.org.in/product/nach/product-statistics
2023-24,2024,February,2,"NACH Debit - 306 format
(Account based)","Recurring payments (EMI, Insurance premium etc)",146475492,1531734702555.07,38785078,296094154456.78,107690414,1235640548098.27,2024-03-01,2026-03-01,National Payments Corporation of India (NPCI),https://www.npci.org.in/product/nach/product-statistics
2023-24,2024,February,2,Total Debit,Total Debit,146475492,1531734702555.07,38785078,296094154456.78,107690414,1235640548098.27,2024-03-01,2026-03-01,National Payments Corporation of India (NPCI),https://www.npci.org.in/product/nach/product-statistics
2023-24,2024,February,2,Total volume February 2024,Total volume February 2024,593534107,3253723662996.93,40892758,312446259111.25,552641349,2941277403885.67,2024-03-01,2026-03-01,National Payments Corporation of India (NPCI),https://www.npci.org.in/product/nach/product-statistics
2024-25,2025,February,2,"NACH Debit - 306 format 
(Account based)","Recurring payments (EMI, Insurance premium etc)",170109046,1923872114684.53,41654304,379527987597.4,128454742,1544344127087.17,2025-03-01,2026-03-01,National Payments Corporation of India (NPCI),https://www.npci.org.in/product/nach/product-statistics
2024-25,2025,February,2,Total Debit,Total Debit,170109046,1923872114684.53,41654304,379527987597.4,128454742,1544344127087.17,2025-03-01,2026-03-01,National Payments Corporation of India (NPCI),https://www.npci.org.in/product/nach/product-statistics
2024-25,2025,February,2,Total volume Feb 2025,Total volume Feb 2025,633726452,3903646743706,45090477,391412563176.06,588635975,3512234180529.98,2025-03-01,2026-03-01,National Payments Corporation of India (NPCI),https://www.npci.org.in/product/nach/product-statistics
2025-26,2026,February,2,"NACH Debit - 306 format 
(Account based)","Recurring payments (EMI, Insurance premium etc)",184937938,2341911588998.42,45774019,437513334456.56,139163919,1904398254541.86,2026-03-01,2026-03-01,National Payments Corporation of India (NPCI),https://www.npci.org.in/product/nach/product-statistics
2025-26,2026,February,2,Total Debit,Total Debit,184937938,2341911588998.42,45774019,437513334456.56,139163919,1904398254541.86,2026-03-01,2026-03-01,National Payments Corporation of India (NPCI),https://www.npci.org.in/product/nach/product-statistics
2025-26,2026,February,2,Total volume Feb 2026,Total volume Feb 2026,567131341,4502421441563.26,47694021,449413224269.62,519437320,4053008217293.65,2026-03-01,2026-03-01,National Payments Corporation of India (NPCI),https://www.npci.org.in/product/nach/product-statistics
2020-21,2021,January,1,"NACH Debit - 306 format
(Account based)","Recurring payments (EMI, Insurance premium etc)",83907884,790443884921,30388625,216740155586,53519259,573703729335,2021-02-01,2026-03-01,National Payments Corporation of India (NPCI),https://www.npci.org.in/product/nach/product-statistics
2020-21,2021,January,1,Total Debit,Total Debit,83907884,790443884921.16,30388625,216740155586.32,53519259,573703729334.84,2021-02-01,2026-03-01,National Payments Corporation of India (NPCI),https://www.npci.org.in/product/nach/product-statistics
2020-21,2021,January,1,Total volume January 2021,Total volume January 2021,317849388,1842256388886.57,34738237,242504563846.05,283111151,1599751825040.52,2021-02-01,2026-03-01,National Payments Corporation of India (NPCI),https://www.npci.org.in/product/nach/product-statistics
2021-22,2022,January,1,,"Recurring payments (EMI, Insurance premium etc)",93408852,907027483311.57,27684364,212497870269.34,65724488,694529613042.23,2022-02-01,2026-03-01,National Payments Corporation of India (NPCI),https://www.npci.org.in/product/nach/product-statistics
2021-22,2022,January,1,Total Debit,Total Debit,93408852,907027483311.57,27684364,212497870269.34,65724488,694529613042.23,2022-02-01,2026-03-01,National Payments Corporation of India (NPCI),https://www.npci.org.in/product/nach/product-statistics
2021-22,2022,January,1,Total volume Jan 2022,Total volume Jan 2022,409852696,2356225654064.13,29964806,230389396026.16,379887890,2125836258037.97,2022-02-01,2026-03-01,National Payments Corporation of India (NPCI),https://www.npci.org.in/product/nach/product-statistics
2022-23,2023,January,1,"NACH Debit - 306 format
(Account based)","Recurring payments (EMI, Insurance premium etc)",120280622,1149527970636.56,34746500,248719133674,85534122,900808836962.57,2023-02-01,2026-03-01,National Payments Corporation of India (NPCI),https://www.npci.org.in/product/nach/product-statistics
2022-23,2023,January,1,Total Debit,Total Debit,120280622,1149527970636.56,34746500,248719133674,85534122,900808836962.57,2023-02-01,2026-03-01,National Payments Corporation of India (NPCI),https://www.npci.org.in/product/nach/product-statistics
2022-23,2023,January,1,Total volume Jan 2023,Total volume Jan 2023,366928466,2665280840117.97,37033279,268347468969.98,329895187,2396933371148.01,2023-02-01,2026-03-01,National Payments Corporation of India (NPCI),https://www.npci.org.in/product/nach/product-statistics
2023-24,2024,January,1,"NACH Debit - 306 format
(Account based)","Recurring payments (EMI, Insurance premium etc)",144009693,1535638130150.88,38309877,316235258430.72,105699816,1219402871720.17,2024-02-01,2026-03-01,National Payments Corporation of India (NPCI),https://www.npci.org.in/product/nach/product-statistics
2023-24,2024,January,1,Total Debit,Total Debit,144009693,1535638130150.88,38309877,316235258430.72,105699816,1219402871720.17,2024-02-01,2026-03-01,National Payments Corporation of India (NPCI),https://www.npci.org.in/product/nach/product-statistics
2023-24,2024,January,1,Total volume January 2024,Total volume January 2024,450685407,3239504512657.04,40837927,353477946085.36,409847480,2886026566571.68,2024-02-01,2026-03-01,National Payments Corporation of India (NPCI),https://www.npci.org.in/product/nach/product-statistics
2024-25,2025,January,1,"NACH Debit - 306 format 
(Account based)","Recurring payments (EMI, Insurance premium etc)",171581778,1988568511485.01,41718107,381661581590.67,129863671,1606906929894.36,2025-02-01,2026-03-01,National Payments Corporation of India (NPCI),https://www.npci.org.in/product/nach/product-statistics
2024-25,2025,January,1,Total Debit,Total Debit,171581778,1988568511485.01,41718107,381661581590.67,129863671,1606906929894.36,2025-02-01,2026-03-01,National Payments Corporation of India (NPCI),https://www.npci.org.in/product/nach/product-statistics
2024-25,2025,January,1,Total volume Jan 2025,Total volume Jan 2025,528371226,3968356020573.69,44681791,409949448254.86,483689435,3558406572318.85,2025-02-01,2026-03-01,National Payments Corporation of India (NPCI),https://www.npci.org.in/product/nach/product-statistics
2025-26,2026,January,1,"NACH Debit - 306 format 
(Account based)","Recurring payments (EMI, Insurance premium etc)",186563874,2395135122745.96,46181836,456932723451.87,140382038,1938202399294.18,2026-02-01,2026-03-01,National Payments Corporation of India (NPCI),https://www.npci.org.in/product/nach/product-statistics
2025-26,2026,January,1,Total Debit,Total Debit,186563874,2395135122745.96,46181836,456932723451.87,140382038,1938202399294.18,2026-02-01,2026-03-01,National Payments Corporation of India (NPCI),https://www.npci.org.in/product/nach/product-statistics
2025-26,2026,January,1,Total volume Jan 2026,Total volume Jan 2026,573109982,4822884763324.05,47690154,486474401256.19,525419828,4336410362067.95,2026-02-01,2026-03-01,National Payments Corporation of India (NPCI),https://www.npci.org.in/product/nach/product-statistics
2020-21,2020,July,7,"NACH Debit - 306 format
(Account based)","Recurring payments (EMI, Insurance premium etc)",80107895,680834300385.9,33580643,224370424390.31,46527252,456463875995.59,2020-08-01,2026-03-01,National Payments Corporation of India (NPCI),https://www.npci.org.in/product/nach/product-statistics
2020-21,2020,July,7,Total Debit,Total Debit,80107895,680834300385.9,33580643,224370424390.31,46527252,456463875995.59,2020-08-01,2026-03-01,National Payments Corporation of India (NPCI),https://www.npci.org.in/product/nach/product-statistics
2020-21,2020,July,7,Total volume June 2020,Total volume June 2020,303708752,1760192131753.84,37309299,235717905890.13,266399453,1524474225863.71,2020-08-01,2026-03-01,National Payments Corporation of India (NPCI),https://www.npci.org.in/product/nach/product-statistics
2021-22,2021,July,7,"NACH Debit - 306 format
(Account based)","Recurring payments (EMI, Insurance premium etc)",87706358,859799772564.5,29532863,236309279468.22,58173495,623490493096.28,2021-08-01,2026-03-01,National Payments Corporation of India (NPCI),https://www.npci.org.in/product/nach/product-statistics
2021-22,2021,July,7,Total Debit,Total Debit,87706358,859799772564.5,29532863,236309279468.22,58173495,623490493096.28,2021-08-01,2026-03-01,National Payments Corporation of India (NPCI),https://www.npci.org.in/product/nach/product-statistics
2021-22,2021,July,7,Total volume July 2021,Total volume July 2021,309919471,1796240133519.73,31755009,246193419079.13,278164462,1550046714440.6,2021-08-01,2026-03-01,National Payments Corporation of India (NPCI),https://www.npci.org.in/product/nach/product-statistics
2022-23,2022,July,7,"NACH Debit - 306 format
(Account based)","Recurring payments (EMI, Insurance premium etc)",106706237,997535389094.85,31063733,221612873745.4,75642504,775922515349.47,2022-08-01,2026-03-01,National Payments Corporation of India (NPCI),https://www.npci.org.in/product/nach/product-statistics
2022-23,2022,July,7,Total Debit,Total Debit,106706237,997535389094.85,31063733,221612873745.4,75642504,775922515349.47,2022-08-01,2026-03-01,National Payments Corporation of India (NPCI),https://www.npci.org.in/product/nach/product-statistics
2022-23,2022,July,7,Total volume July 2022,Total volume July 2022,421990184,2319412134770.24,34028979,234555342463.1,387961205,2084856792307.15,2022-08-01,2026-03-01,National Payments Corporation of India (NPCI),https://www.npci.org.in/product/nach/product-statistics
2023-24,2023,July,7,"NACH Debit - 306 format
(Account based)","Recurring payments (EMI, Insurance premium etc)",132707122,1302404452511.64,38981177,274838434357.61,93725945,1027566018154.02,2023-08-01,2026-03-01,National Payments Corporation of India (NPCI),https://www.npci.org.in/product/nach/product-statistics
2023-24,2023,July,7,Total Debit,Total Debit,132707122,1302404452511.64,38981177,274838434357.61,93725945,1027566018154.02,2023-08-01,2026-03-01,National Payments Corporation of India (NPCI),https://www.npci.org.in/product/nach/product-statistics
2023-24,2023,July,7,Total volume July 2023,Total volume July 2023,549991882,2859485672309.02,41123129,281075556438.52,508868753,2578410115870.5,2023-08-01,2026-03-01,National Payments Corporation of India (NPCI),https://www.npci.org.in/product/nach/product-statistics
2024-25,2024,July,7,"NACH Debit - 306 format
(Account based)","Recurring payments (EMI, Insurance premium etc)",158811309,1750139528292.39,41330361,335446084010.56,117480948,1414693444281.85,2024-08-01,2026-03-01,National Payments Corporation of India (NPCI),https://www.npci.org.in/product/nach/product-statistics
2024-25,2024,July,7,Total Debit,Total Debit,158811309,1750139528292.39,41330361,335446084010.56,117480948,1414693444281.85,2024-08-01,2026-03-01,National Payments Corporation of India (NPCI),https://www.npci.org.in/product/nach/product-statistics
2024-25,2024,July,7,Total volume Jul 2024,Total volume Jul 2024,554880184,3360159444881.73,44194046,344877881971.83,510686138,3015281562909.93,2024-08-01,2026-03-01,National Payments Corporation of India (NPCI),https://www.npci.org.in/product/nach/product-statistics
2025-26,2025,July,7,"NACH Debit - 306 format 
(Account based)","Recurring payments (EMI, Insurance premium etc)",175367501,2171016204217.99,42247830,405957562815.24,133119671,1765058641402.79,2025-08-01,2026-03-01,National Payments Corporation of India (NPCI),https://www.npci.org.in/product/nach/product-statistics
2025-26,2025,July,7,Total Debit,Total Debit,175367501,2171016204217.99,42247830,405957562815.24,133119671,1765058641402.79,2025-08-01,2026-03-01,National Payments Corporation of India (NPCI),https://www.npci.org.in/product/nach/product-statistics
2025-26,2025,July,7,Total volume Jul 2025,Total volume Jul 2025,608689245,4025372034629.64,44011973,412836195757.09,564677272,3612535838872.58,2025-08-01,2026-03-01,National Payments Corporation of India (NPCI),https://www.npci.org.in/product/nach/product-statistics
2020-21,2020,June,6,"NACH Debit - 306 format
(Account based)","Recurring payments (EMI, Insurance premium etc)",78894423,704915030546.12,35792274,268501047474.29,43102149,436413983071.83,2020-07-01,2026-03-01,National Payments Corporation of India (NPCI),https://www.npci.org.in/product/nach/product-statistics
2020-21,2020,June,6,Total Debit,Total Debit,78894423,704915030546.12,35792274,268501047474.29,43102149,436413983071.83,2020-07-01,2026-03-01,National Payments Corporation of India (NPCI),https://www.npci.org.in/product/nach/product-statistics
2020-21,2020,June,6,Total volume June 2020,Total volume June 2020,349734045,1945432210318.39,39975488,282130331236.57,309758557,1663301879081.82,2020-07-01,2026-03-01,National Payments Corporation of India (NPCI),https://www.npci.org.in/product/nach/product-statistics
2021-22,2021,June,6,"NACH Debit - 306 format
(Account based)","Recurring payments (EMI, Insurance premium etc)",87873074,862147716590.02,32078726,261006851637.41,55794348,601140864952.61,2021-07-01,2026-03-01,National Payments Corporation of India (NPCI),https://www.npci.org.in/product/nach/product-statistics
2021-22,2021,June,6,Total Debit,Total Debit,87873074,862147716590.02,32078726,261006851637.41,55794348,601140864952.61,2021-07-01,2026-03-01,National Payments Corporation of India (NPCI),https://www.npci.org.in/product/nach/product-statistics
2021-22,2021,June,6,Total volume June 2021,Total volume June 2021,352521412,1866373089681.15,35294393,269766262943.51,317227019,1596606826737.64,2021-07-01,2026-03-01,National Payments Corporation of India (NPCI),https://www.npci.org.in/product/nach/product-statistics
2022-23,2022,June,6,"NACH Debit - 306 format
(Account based)","Recurring payments (EMI, Insurance premium etc)",104815397,990600714317.06,30632220,216069231366.59,74183177,774531482950.47,2022-07-01,2026-03-01,National Payments Corporation of India (NPCI),https://www.npci.org.in/product/nach/product-statistics
2022-23,2022,June,6,Total Debit,Total Debit,104815397,990600714317.06,30632220,216069231366.59,74183177,774531482950.47,2022-07-01,2026-03-01,National Payments Corporation of India (NPCI),https://www.npci.org.in/product/nach/product-statistics
2022-23,2022,June,6,Total volume June 2022,Total volume June 2022,376045354,2230053415138.97,32243837,229649214306.49,343801517,2000404200832.48,2022-07-01,2026-03-01,National Payments Corporation of India (NPCI),https://www.npci.org.in/product/nach/product-statistics
2023-24,2023,June,6,"NACH Debit - 306 format
(Account based)","Recurring payments (EMI, Insurance premium etc)",129638543,1288190035809.55,37933742,274060321480.8,91704801,1014129714328.74,2023-07-01,2026-03-01,National Payments Corporation of India (NPCI),https://www.npci.org.in/product/nach/product-statistics
2023-24,2023,June,6,Total Debit,Total Debit,129638543,1288190035809.55,37933742,274060321480.8,91704801,1014129714328.74,2023-07-01,2026-03-01,National Payments Corporation of India (NPCI),https://www.npci.org.in/product/nach/product-statistics
2023-24,2023,June,6,Total volume June 2023,Total volume June 2023,446670334,2645745357346.2,40206385,284764316642.63,406463949,2360981040703.56,2023-07-01,2026-03-01,National Payments Corporation of India (NPCI),https://www.npci.org.in/product/nach/product-statistics
2024-25,2024,June,6,"NACH Debit - 306 format
(Account based)","Recurring payments (EMI, Insurance premium etc)",154459821,1707563536710.53,40074860,335599853968.15,114384961,1371963682742.41,2024-07-01,2026-03-01,National Payments Corporation of India (NPCI),https://www.npci.org.in/product/nach/product-statistics
2024-25,2024,June,6,Total Debit,Total Debit,154459821,1707563536710.53,40074860,335599853968.15,114384961,1371963682742.41,2024-07-01,2026-03-01,National Payments Corporation of India (NPCI),https://www.npci.org.in/product/nach/product-statistics
2024-25,2024,June,6,Total volume Jun 2024,Total volume Jun 2024,578506027,3283210253639.49,41938370,340928061149.57,536567657,2942282192489.95,2024-07-01,2026-03-01,National Payments Corporation of India (NPCI),https://www.npci.org.in/product/nach/product-statistics
2025-26,2025,June,6,"NACH Debit - 306 format 
(Account based)","Recurring payments (EMI, Insurance premium etc)",172836366,2099563513478.97,42084819,404530138363.2,130751547,1695033375115.82,2025-07-01,2026-03-01,National Payments Corporation of India (NPCI),https://www.npci.org.in/product/nach/product-statistics
2025-26,2025,June,6,Total Debit,Total Debit,172836366,2099563513478.97,42084819,404530138363.2,130751547,1695033375115.82,2025-07-01,2026-03-01,National Payments Corporation of India (NPCI),https://www.npci.org.in/product/nach/product-statistics
2025-26,2025,June,6,Total volume Jun 2025,Total volume Jun 2025,589626209,3923905623012.44,43721292,411244913166.19,545904917,3512660709846.3,2025-07-01,2026-03-01,National Payments Corporation of India (NPCI),https://www.npci.org.in/product/nach/product-statistics
2020-21,2021,March,3,"NACH Debit - 306 format
(Account based)","Recurring payments (EMI, Insurance premium etc)",92041997,860046668793.73,30154415,236301610088.12,61887582,623745058705.61,2021-04-01,2026-03-01,National Payments Corporation of India (NPCI),https://www.npci.org.in/product/nach/product-statistics
2020-21,2021,March,3,Total Debit,Total Debit,92041997,860046668793.73,30154415,236301610088.12,61887582,623745058705.61,2021-04-01,2026-03-01,National Payments Corporation of India (NPCI),https://www.npci.org.in/product/nach/product-statistics
2020-21,2021,March,3,Total volume March 2021,Total volume March 2021,369808979,2613886664016.2,36242551,254038123821.35,333566428,2359848540194.85,2021-04-01,2026-03-01,National Payments Corporation of India (NPCI),https://www.npci.org.in/product/nach/product-statistics
2021-22,2022,March,3,"NACH Debit - 306 format
(Account based)","Recurring payments (EMI, Insurance premium etc)",97927515,978011999270.22,28994695,223019475584.41,68932820,754992523685.81,2022-04-01,2026-03-01,National Payments Corporation of India (NPCI),https://www.npci.org.in/product/nach/product-statistics
2021-22,2022,March,3,Total Debit,Total Debit,97927515,978011999270.22,28994695,223019475584.41,68932820,754992523685.81,2022-04-01,2026-03-01,National Payments Corporation of India (NPCI),https://www.npci.org.in/product/nach/product-statistics
2021-22,2022,March,3,Total volume Mar 2022,Total volume Mar 2022,420582434,2447939256490.19,32017352,238877475946.76,388565082,2209061780543.43,2022-04-01,2026-03-01,National Payments Corporation of India (NPCI),https://www.npci.org.in/product/nach/product-statistics
2022-23,2023,March,3,"NACH Debit - 306 format
(Account based)","Recurring payments (EMI, Insurance premium etc)",124655729,1253756040070.52,36634468,277037470377.35,88021261,976718569693.17,2023-04-01,2026-03-01,National Payments Corporation of India (NPCI),https://www.npci.org.in/product/nach/product-statistics
2022-23,2023,March,3,Total Debit,Total Debit,124655729,1253756040070.52,36634468,277037470377.35,88021261,976718569693.17,2023-04-01,2026-03-01,National Payments Corporation of India (NPCI),https://www.npci.org.in/product/nach/product-statistics
2022-23,2023,March,3,Total volume Mar 2023,Total volume Mar 2023,514134766,3305329727124.24,41806094,294874800153.52,472328672,3010454926970.71,2023-04-01,2026-03-01,National Payments Corporation of India (NPCI),https://www.npci.org.in/product/nach/product-statistics
2023-24,2024,March,3,"NACH Debit - 306 format
(Account based)","Recurring payments (EMI, Insurance premium etc)",149199346,1642231205638.63,40351542,327239383774.44,108847804,1314991821864.2,2024-04-01,2026-03-01,National Payments Corporation of India (NPCI),https://www.npci.org.in/product/nach/product-statistics
2023-24,2024,March,3,Total Debit,Total Debit,149199346,1642231205638.63,40351542,327239383774.44,108847804,1314991821864.2,2024-04-01,2026-03-01,National Payments Corporation of India (NPCI),https://www.npci.org.in/product/nach/product-statistics
2023-24,2024,March,3,Total volume March 2024,Total volume March 2024,631524611,3828587928345.15,44609250,337505900864.35,586915361,3491082027480.81,2024-04-01,2026-03-01,National Payments Corporation of India (NPCI),https://www.npci.org.in/product/nach/product-statistics
2024-25,2025,March,3,"NACH Debit - 306 format 
(Account based)","Recurring payments (EMI, Insurance premium etc)",172482568,2102455155086.78,43013958,407503475185.72,129468610,1694951679901.12,2025-04-01,2026-03-01,National Payments Corporation of India (NPCI),https://www.npci.org.in/product/nach/product-statistics
2024-25,2025,March,3,Total Debit,Total Debit,172482568,2102455155086.78,43013958,407503475185.72,129468610,1694951679901.12,2025-04-01,2026-03-01,National Payments Corporation of India (NPCI),https://www.npci.org.in/product/nach/product-statistics
2024-25,2025,March,3,Total volume Mar 2025,Total volume Mar 2025,709270877,4534879255208.85,46335213,418789497190.38,662935664,4116089758018.53,2025-04-01,2026-03-01,National Payments Corporation of India (NPCI),https://www.npci.org.in/product/nach/product-statistics
2020-21,2020,May,5,"NACH Debit - 306 format
(Account based)","Recurring payments (EMI, Insurance premium etc)",64009151,507669892209.88,23293399,153668906072.96,40715752,354000986136.92,2020-06-01,2026-03-01,National Payments Corporation of India (NPCI),https://www.npci.org.in/product/nach/product-statistics
2020-21,2020,May,5,Total Debit,Total Debit,64009151,507669892209.88,23293399,153668906072.96,40715752,354000986136.92,2020-06-01,2026-03-01,National Payments Corporation of India (NPCI),https://www.npci.org.in/product/nach/product-statistics
2020-21,2020,May,5,Total volume May 2020,Total volume May 2020,278992707,1992402992602.59,26654115,180991002475.15,252338592,1811411990127.44,2020-06-01,2026-03-01,National Payments Corporation of India (NPCI),https://www.npci.org.in/product/nach/product-statistics
2021-22,2021,May,5,"NACH Debit - 306 format
(Account based)","Recurring payments (EMI, Insurance premium etc)",85789445,815477271722.21,30815465,250666476301.21,54973980,564810795421,2021-06-01,2026-03-01,National Payments Corporation of India (NPCI),https://www.npci.org.in/product/nach/product-statistics
2021-22,2021,May,5,Total Debit,Total Debit,85789445,815477271722.21,30815465,250666476301.21,54973980,564810795421,2021-06-01,2026-03-01,National Payments Corporation of India (NPCI),https://www.npci.org.in/product/nach/product-statistics
2021-22,2021,May,5,Total volume May 2021,Total volume May 2021,406738256,2204214390323.59,34473847,260439161177.09,372264409,1943775229146.5,2021-06-01,2026-03-01,National Payments Corporation of India (NPCI),https://www.npci.org.in/product/nach/product-statistics
2022-23,2022,May,5,"NACH Debit - 306 format
(Account based)","Recurring payments (EMI, Insurance premium etc)",101805394,947517295516.98,29499325,208115965704.1,72306069,739401329812.87,2022-06-01,2026-03-01,National Payments Corporation of India (NPCI),https://www.npci.org.in/product/nach/product-statistics
2022-23,2022,May,5,Total Debit,Total Debit,101805394,947517295516.98,29499325,208115965704.1,72306069,739401329812.87,2022-06-01,2026-03-01,National Payments Corporation of India (NPCI),https://www.npci.org.in/product/nach/product-statistics
2022-23,2022,May,5,Total volume May 2022,Total volume May 2022,508059007,2331045925122.42,32693610,233491972433.59,475365397,2097553952688.83,2022-06-01,2026-03-01,National Payments Corporation of India (NPCI),https://www.npci.org.in/product/nach/product-statistics
2023-24,2023,May,5,"NACH Debit - 306 format
(Account based)","Recurring payments (EMI, Insurance premium etc)",128889626,1248635673319.92,37668112,261582523222.84,91221514,987053150097.06,2023-06-01,2026-03-01,National Payments Corporation of India (NPCI),https://www.npci.org.in/product/nach/product-statistics
2023-24,2023,May,5,Total Debit,Total Debit,128889626,1248635673319.92,37668112,261582523222.84,91221514,987053150097.06,2023-06-01,2026-03-01,National Payments Corporation of India (NPCI),https://www.npci.org.in/product/nach/product-statistics
2023-24,2023,May,5,Total volume May 2023,Total volume May 2023,435548932,2785266748441.54,40097184,269876473417.06,395451748,2515390275024.46,2023-06-01,2026-03-01,National Payments Corporation of India (NPCI),https://www.npci.org.in/product/nach/product-statistics
2024-25,2024,May,5,"NACH Debit - 306 format
(Account based)","Recurring payments (EMI, Insurance premium etc)",153921288,1663050535585.32,40235130,316545921801.58,113686158,1346504613783.78,2024-06-01,2026-03-01,National Payments Corporation of India (NPCI),https://www.npci.org.in/product/nach/product-statistics
2024-25,2024,May,5,Total Debit,Total Debit,153921288,1663050535585.32,40235130,316545921801.58,113686158,1346504613783.78,2024-06-01,2026-03-01,National Payments Corporation of India (NPCI),https://www.npci.org.in/product/nach/product-statistics
2024-25,2024,May,5,Total volume May 2024,Total volume May 2024,490929604,3362073693078.42,42164501,323727023091.65,448765103,3038346669986.81,2024-06-01,2026-03-01,National Payments Corporation of India (NPCI),https://www.npci.org.in/product/nach/product-statistics
2025-26,2025,May,5,"NACH Debit - 306 format
(Account based)","Recurring payments (EMI, Insurance premium etc)",172367151,2055346802428.75,42777600,391677996344.37,129589551,1663668806084.42,2025-06-01,2026-03-01,National Payments Corporation of India (NPCI),https://www.npci.org.in/product/nach/product-statistics
2025-26,2025,May,5,Total Debit,Total Debit,172367151,2055346802428.75,42777600,391677996344.37,129589551,1663668806084.42,2025-06-01,2026-03-01,National Payments Corporation of India (NPCI),https://www.npci.org.in/product/nach/product-statistics
2025-26,2025,May,5,Total volume May 2025,Total volume May 2025,575341277,4038995411130.43,44942104,401977656718.3,530399173,3637017754412.18,2025-06-01,2026-03-01,National Payments Corporation of India (NPCI),https://www.npci.org.in/product/nach/product-statistics
2020-21,2020,November,11,"NACH Debit - 306 format
(Account based)","Recurring payments (EMI, Insurance premium etc)",86962854,784325799272,35222830,244170407256,51740024,540155392016,2020-12-01,2026-03-01,National Payments Corporation of India (NPCI),https://www.npci.org.in/product/nach/product-statistics
2020-21,2020,November,11,Total Debit,Total Debit,86962854,784325799272.44,35222830,244170407256.46,51740024,540155392015.98,2020-12-01,2026-03-01,National Payments Corporation of India (NPCI),https://www.npci.org.in/product/nach/product-statistics
2020-21,2020,November,11,Total volume November 2020,Total volume November 2020,291130883,1789595085570.43,37260416,253040226124.2,253870467,1536554859446.23,2020-12-01,2026-03-01,National Payments Corporation of India (NPCI),https://www.npci.org.in/product/nach/product-statistics
2021-22,2021,November,11,"NACH Debit - 306 format
(Account based)","Recurring payments (EMI, Insurance premium etc)",90731258,864166281980.15,28328468,217407401158.76,62402790,646758880821.39,2021-12-01,2026-03-01,National Payments Corporation of India (NPCI),https://www.npci.org.in/product/nach/product-statistics
2021-22,2021,November,11,Total Debit,Total Debit,90731258,864166281980.15,28328468,217407401158.76,62402790,646758880821.39,2021-12-01,2026-03-01,National Payments Corporation of India (NPCI),https://www.npci.org.in/product/nach/product-statistics
2021-22,2021,November,11,Total volume November 2021,Total volume November 2021,340864505,1936761976143.09,29630792,227622214906.35,311233713,1709139761236.74,2021-12-01,2026-03-01,National Payments Corporation of India (NPCI),https://www.npci.org.in/product/nach/product-statistics
2022-23,2022,November,11,"NACH Debit - 306 format
(Account based)","Recurring payments (EMI, Insurance premium etc)",116415958,1094785134608.15,34285879,238256233753.34,82130079,856528900854.8,2022-12-01,2026-03-01,National Payments Corporation of India (NPCI),https://www.npci.org.in/product/nach/product-statistics
2022-23,2022,November,11,Total Debit,Total Debit,116415958,1094785134608.15,34285879,238256233753.34,82130079,856528900854.8,2022-12-01,2026-03-01,National Payments Corporation of India (NPCI),https://www.npci.org.in/product/nach/product-statistics
2022-23,2022,November,11,Total volume Nov 2022,Total volume Nov 2022,360368497,2608389646073.18,36363542,265446591871.15,324004955,2342943054202.02,2022-12-01,2026-03-01,National Payments Corporation of India (NPCI),https://www.npci.org.in/product/nach/product-statistics
2023-24,2023,November,11,"NACH Debit - 306 format
(Account based)","Recurring payments (EMI, Insurance premium etc)",137664386,1416460922588.08,35753420,287903801704.39,101910966,1128557120883.7,2023-12-01,2026-03-01,National Payments Corporation of India (NPCI),https://www.npci.org.in/product/nach/product-statistics
2023-24,2023,November,11,Total Debit,Total Debit,137664386,1416460922588.08,35753420,287903801704.39,101910966,1128557120883.7,2023-12-01,2026-03-01,National Payments Corporation of India (NPCI),https://www.npci.org.in/product/nach/product-statistics
2023-24,2023,November,11,Total volume November 2023,Total volume November 2023,597834623,3316962594072.96,37838334,299539163992.8,559996289,3017423430080.18,2023-12-01,2026-03-01,National Payments Corporation of India (NPCI),https://www.npci.org.in/product/nach/product-statistics
2024-25,2024,November,11,"NACH Debit - 306 format 
(Account based)","Recurring payments (EMI, Insurance premium etc)",173293568,1848143566529.71,45790433,377372154617.57,127503135,1470771411912.13,2024-12-01,2026-03-01,National Payments Corporation of India (NPCI),https://www.npci.org.in/product/nach/product-statistics
2024-25,2024,November,11,Total Debit,Total Debit,173293568,1848143566529.71,45790433,377372154617.57,127503135,1470771411912.13,2024-12-01,2026-03-01,National Payments Corporation of India (NPCI),https://www.npci.org.in/product/nach/product-statistics
2024-25,2024,November,11,Total volume Nov 2024,Total volume Nov 2024,542221492,3645837457374.54,48310482,392437391664.94,493911010,3253400065709.59,2024-12-01,2026-03-01,National Payments Corporation of India (NPCI),https://www.npci.org.in/product/nach/product-statistics
2025-26,2025,November,11,"NACH Debit - 306 format 
(Account based)","Recurring payments (EMI, Insurance premium etc)",183574745,2255167314868.85,46887417,440432435298.08,136687328,1814734879570.83,2025-12-01,2026-03-01,National Payments Corporation of India (NPCI),https://www.npci.org.in/product/nach/product-statistics
2025-26,2025,November,11,Total Debit,Total Debit,183574745,2255167314868.85,46887417,440432435298.08,136687328,1814734879570.83,2025-12-01,2026-03-01,National Payments Corporation of India (NPCI),https://www.npci.org.in/product/nach/product-statistics
2025-26,2025,November,11,Total volume Nov 2025,Total volume Nov 2025,690185997,4582074131183.92,50016207,449522884309.31,640169790,4132551246874.68,2025-12-01,2026-03-01,National Payments Corporation of India (NPCI),https://www.npci.org.in/product/nach/product-statistics
2020-21,2020,October,10,"NACH Debit - 306 format
(Account based)","Recurring payments (EMI, Insurance premium etc)",84834138,790224409152,34019461,254986889817,50814677,535237519335,2020-11-01,2026-03-01,National Payments Corporation of India (NPCI),https://www.npci.org.in/product/nach/product-statistics
2020-21,2020,October,10,Total Debit,Total Debit,84834138,790224409152.07,34019461,254986889817.18,50814677,535237519334.89,2020-11-01,2026-03-01,National Payments Corporation of India (NPCI),https://www.npci.org.in/product/nach/product-statistics
2020-21,2020,October,10,Total volume October 2020,Total volume October 2020,282608173,1759914337885.46,37054981,264772681691.82,245553192,1494623240444.64,2020-11-01,2026-03-01,National Payments Corporation of India (NPCI),https://www.npci.org.in/product/nach/product-statistics
2021-22,2021,October,10,"NACH Debit - 306 format
(Account based)","Recurring payments (EMI, Insurance premium etc)",86572709,853469863234.85,27048191,211933472771.63,59524518,641536390463.22,2021-11-01,2026-03-01,National Payments Corporation of India (NPCI),https://www.npci.org.in/product/nach/product-statistics
2021-22,2021,October,10,Total Debit,Total Debit,86572709,853469863234.85,27048191,211933472771.63,59524518,641536390463.22,2021-11-01,2026-03-01,National Payments Corporation of India (NPCI),https://www.npci.org.in/product/nach/product-statistics
2021-22,2021,October,10,Total volume October 2021,Total volume October 2021,371903655,2157285187219.63,29556924,222675996884.76,342346731,1934609190334.87,2021-11-01,2026-03-01,National Payments Corporation of India (NPCI),https://www.npci.org.in/product/nach/product-statistics
2022-23,2022,October,10,"NACH Debit - 306 format
(Account based)","Recurring payments (EMI, Insurance premium etc)",113992701,1061313355778.97,33866776,239649578908.29,80125925,821663776870.68,2022-11-01,2026-03-01,National Payments Corporation of India (NPCI),https://www.npci.org.in/product/nach/product-statistics
2022-23,2022,October,10,Total Debit,Total Debit,113992701,1061313355778.97,33866776,239649578908.29,80125925,821663776870.68,2022-11-01,2026-03-01,National Payments Corporation of India (NPCI),https://www.npci.org.in/product/nach/product-statistics
2022-23,2022,October,10,Total volume Oct 2022,Total volume Oct 2022,443865920,2587116281373.52,36591382,250318373865.51,407274538,2336797907508.02,2022-11-01,2026-03-01,National Payments Corporation of India (NPCI),https://www.npci.org.in/product/nach/product-statistics
2023-24,2023,October,10,"NACH Debit - 306 format
(Account based)","Recurring payments (EMI, Insurance premium etc)",134832978,1382873070746.45,35556493,276024573232.03,99276485,1106848497514.39,2023-11-01,2026-03-01,National Payments Corporation of India (NPCI),https://www.npci.org.in/product/nach/product-statistics
2023-24,2023,October,10,Total Debit,Total Debit,134832978,1382873070746.45,35556493,276024573232.03,99276485,1106848497514.39,2023-11-01,2026-03-01,National Payments Corporation of India (NPCI),https://www.npci.org.in/product/nach/product-statistics
2023-24,2023,October,10,Total volume October 2023,Total volume October 2023,437307172,2894993088938.53,37036708,281017045105.05,400270464,2613976043833.46,2023-11-01,2026-03-01,National Payments Corporation of India (NPCI),https://www.npci.org.in/product/nach/product-statistics
2024-25,2024,October,10,"NACH Debit - 306 format
(Account based)","Recurring payments (EMI, Insurance premium etc)",171021661,1888435363959.5,43640560,362625484236.48,127381101,1525809879723.02,2024-11-01,2026-03-01,National Payments Corporation of India (NPCI),https://www.npci.org.in/product/nach/product-statistics
2024-25,2024,October,10,Total Debit,Total Debit,171021661,1888435363959.5,43640560,362625484236.48,127381101,1525809879723.02,2024-11-01,2026-03-01,National Payments Corporation of India (NPCI),https://www.npci.org.in/product/nach/product-statistics
2024-25,2024,October,10,Total volume Oct 2024,Total volume Oct 2024,719580917,4154794963212.83,45326425,371677561761.74,674254492,3783117401451.09,2024-11-01,2026-03-01,National Payments Corporation of India (NPCI),https://www.npci.org.in/product/nach/product-statistics
2025-26,2025,October,10,"NACH Debit - 306 format 
(Account based)","Recurring payments (EMI, Insurance premium etc)",181226654,2230476333616.09,45965998,441095727760.8,135260656,1789380605855.3,2025-11-01,2026-03-01,National Payments Corporation of India (NPCI),https://www.npci.org.in/product/nach/product-statistics
2025-26,2025,October,10,Total Debit,Total Debit,181226654,2230476333616.09,45965998,441095727760.8,135260656,1789380605855.3,2025-11-01,2026-03-01,National Payments Corporation of India (NPCI),https://www.npci.org.in/product/nach/product-statistics
2025-26,2025,October,10,Total volume Oct 2025,Total volume Oct 2025,629413609,4315410631475.27,48801777,448414801761.42,580611832,3866995829713.87,2025-11-01,2026-03-01,National Payments Corporation of India (NPCI),https://www.npci.org.in/product/nach/product-statistics
2020-21,2020,September,9,"NACH Debit - 306 format
(Account based)","Recurring payments (EMI, Insurance premium etc)",85742550,779584658415.66,35011178,247279324746.99,50731372,532305333668.67,2020-10-01,2026-03-01,National Payments Corporation of India (NPCI),https://www.npci.org.in/product/nach/product-statistics
2020-21,2020,September,9,Total Debit,Total Debit,85742550,779584658415.66,35011178,247279324746.99,50731372,532305333668.67,2020-10-01,2026-03-01,National Payments Corporation of India (NPCI),https://www.npci.org.in/product/nach/product-statistics
2020-21,2020,September,9,Total volume September 2020,Total volume September 2020,309716499,1524322556628.51,38145414,256542046711.87,271571085,1267780509916.64,2020-10-01,2026-03-01,National Payments Corporation of India (NPCI),https://www.npci.org.in/product/nach/product-statistics
2021-22,2021,September,9,"NACH Debit - 306 format
(Account based)","Recurring payments (EMI, Insurance premium etc)",87829452,840684023298.48,27855476,213937585125.62,59973976,626746438172.86,2021-10-01,2026-03-01,National Payments Corporation of India (NPCI),https://www.npci.org.in/product/nach/product-statistics
2021-22,2021,September,9,Total Debit,Total Debit,87829452,840684023298.48,27855476,213937585125.62,59973976,626746438172.86,2021-10-01,2026-03-01,National Payments Corporation of India (NPCI),https://www.npci.org.in/product/nach/product-statistics
2021-22,2021,September,9,Total volume September 2021,Total volume September 2021,283156623,1815953965239.57,29821838,224747264720.38,253334785,1591206700519.19,2021-10-01,2026-03-01,National Payments Corporation of India (NPCI),https://www.npci.org.in/product/nach/product-statistics
2022-23,2022,September,9,"NACH Debit - 306 format
(Account based)","Recurring payments (EMI, Insurance premium etc)",111409087,1053896915550.6,32614431,226300312160.04,78794656,827596603390.57,2022-10-01,2026-03-01,National Payments Corporation of India (NPCI),https://www.npci.org.in/product/nach/product-statistics
2022-23,2022,September,9,Total Debit,Total Debit,111409087,1053896915550.6,32614431,226300312160.04,78794656,827596603390.57,2022-10-01,2026-03-01,National Payments Corporation of India (NPCI),https://www.npci.org.in/product/nach/product-statistics
2022-23,2022,September,9,Total volume Sep 2022,Total volume Sep 2022,391533673,2329126036411.67,34436172,237750429315.97,357097501,2092280447744.69,2022-10-01,2026-03-01,National Payments Corporation of India (NPCI),https://www.npci.org.in/product/nach/product-statistics
2023-24,2023,September,9,"NACH Debit - 306 format
(Account based)","Recurring payments (EMI, Insurance premium etc)",137183248,1380809959948.21,39394160,292477283227.15,97789088,1088332676721.07,2023-10-01,2026-03-01,National Payments Corporation of India (NPCI),https://www.npci.org.in/product/nach/product-statistics
2023-24,2023,September,9,Total Debit,Total Debit,137183248,1380809959948.21,39394160,292477283227.15,97789088,1088332676721.07,2023-10-01,2026-03-01,National Payments Corporation of India (NPCI),https://www.npci.org.in/product/nach/product-statistics
2023-24,2023,September,9,Total volume September 2023,Total volume September 2023,470334514,2654956845480.17,42173856,297971845124.33,428160658,2356985000355.84,2023-10-01,2026-03-01,National Payments Corporation of India (NPCI),https://www.npci.org.in/product/nach/product-statistics
2024-25,2024,September,9,"NACH Debit - 306 format
(Account based)","Recurring payments (EMI, Insurance premium etc)",165167789,1799454792462.07,42141453,353395212111.42,123026336,1446059580350.64,2024-10-01,2026-03-01,National Payments Corporation of India (NPCI),https://www.npci.org.in/product/nach/product-statistics
2024-25,2024,September,9,Total Debit,Total Debit,165167789,1799454792462.07,42141453,353395212111.42,123026336,1446059580350.64,2024-10-01,2026-03-01,National Payments Corporation of India (NPCI),https://www.npci.org.in/product/nach/product-statistics
2024-25,2024,September,9,Total volume Sep 2024,Total volume Sep 2024,565200424,3375739641980.47,44644994,358918581551.03,520555430,3016821060429.43,2024-10-01,2026-03-01,National Payments Corporation of India (NPCI),https://www.npci.org.in/product/nach/product-statistics
2025-26,2025,September,9,"NACH Debit - 306 format 
(Account based)","Recurring payments (EMI, Insurance premium etc)",178646363,2221641580423.05,44229044,425269493627.87,134417319,1796372086795.23,2025-10-01,2026-03-01,National Payments Corporation of India (NPCI),https://www.npci.org.in/product/nach/product-statistics
2025-26,2025,September,9,Total Debit,Total Debit,178646363,2221641580423.05,44229044,425269493627.87,134417319,1796372086795.23,2025-10-01,2026-03-01,National Payments Corporation of India (NPCI),https://www.npci.org.in/product/nach/product-statistics
2025-26,2025,September,9,Total volume Sep 2025,Total volume Sep 2025,617974937,4136392273573.42,46756918,432507495071.04,571218019,3703884778502.42,2025-10-01,2026-03-01,National Payments Corporation of India (NPCI),https://www.npci.org.in/product/nach/product-statistics
